{
  "flood": {
    "accuracy": 0.9545,
    "precision": 0.8975741239892183,
    "recall": 0.8626943005181347,
    "f1_score": 0.8797886393659181
  },
  "earthquake": {
    "accuracy": 0.9635,
    "precision": 0.8493150684931506,
    "recall": 0.7085714285714285,
    "f1_score": 0.7725856697819314
  },
  "cyclone": {
    "accuracy": 0.99,
    "precision": 0.6111111111111112,
    "recall": 0.4583333333333333,
    "f1_score": 0.5238095238095238
  }
}